route_id,stop_id,origin_lat,origin_lon,dest_lat,dest_lon,demand
1,1.1,39.8761,-75.0082,39.90557,-75.045375,10
1,1.2,39.90557,-75.045375,39.945137,-75.130476,40
1,1.3,39.945137,-75.130476,39.729897,-75.547166,5
1,1.4,39.729897,-75.547166,39.273398,-74.634275,10
1,1.5,39.273398,-74.634275,39.8761,-75.0082,20
